Workbook

Sheet Diagnosis
B2: Organisation
B5: Project / area
B9: Date
B10: 45203
B24: Key
B25: 0 = haven't considered
B26: 1 = less confident
B27: 2 = reasonably confident
B28: 3 = fully confident & evidenced
B30: Clear mission | C30: Invitation to participate | D30: Easy onboarding | E30: Modular approach | F30: Strong leadership | G30: Ways of working open | H30: Backchannels & watercoolers | I30: Celebration of milestones
B31: 1 | C31: 2 | D31: 0 | E31: 2 | F31: 3 | G31: 2 | H31: 1 | I31: 2
B32: Is it clear why this project, community, or other area of focus exists? What is it setting out to achieve? Is this written down for everyone to see? | C32: Do you have an unambiguous call to action? Who are you asking to get involved? How are you communicating this to them? | D32: Are there small, simple tasks or activities to get started with? How do people find out about them? How much of the overall picture do they need to understand first? | E32: Is there a way which people can use their knowledge, skills, and interests to contribute to just part of the overall project? | F32: Do the people in control of the project embody the mission? Do they have the respect of everyone else? Have they got the capacity to make the project a success? | G32: Are meeting notes and documentation available to everyone? Are there ways for people to share what they're working on? Is any important information 'secret' or hidden? | H32: Are there ‘social’ spaces where members of the project as well as those focused on project aims? Can they share photos of their pets as well as work towards shared goals? | I32: Does the project recognise the efforts and input of the people involved? Do they feel valued and supported in the contribution they're making?
B33: Notes / Evidence | C33: Notes / Evidence | D33: Notes / Evidence | E33: Notes / Evidence | F33: Notes / Evidence | G33: Notes / Evidence | H33: Notes / Evidence | I33: Notes / Evidence

Sheet Categorisation
B2: Establishing a New Community | E2: Growing an Emerging Community | H2: Revitalising an Established Community
B3: Potential problems: - Unclear purpose - Leadership vacuum - Resource constraints - Competing priorities - Lack of support - Poor platform choice - Minimal governance | C3: Priority areas: 1. Clearly define the community's purpose, objectives and principles 2. Identify and empower community leaders and champions 3. Establish foundational governance and decision-making processes | E3: Potential problems: - Declining engagement - Confusion over evolving purpose - Scaling pains - Leadership fatigue - Emerging segmentation - Unclear participation pathways - Limited governance | F3: Priority areas: 1. Review onboarding and ongoing participation processes 2. Develop modular engagement paths for emerging subgroups 3. Plan for sustainability through new incentives and leadership development | H3: Potential problems: - Stagnating engagement - Founder/leadership burnout - Outdated systems - Lack of new blood - Loss of original purpose - Cultural calcification - Competition from new communities | I3: Priority areas: 1. Re-connect with original mission and purpose 2. Evaluate legacy systems and processes for updates 3. Renew leadership and community roles for fresh perspectives
B5: Clarity of Purpose Clear mission, Strong leadership | C5: =(Diagnosis!B31+Diagnosis!F31)/2 -> 2 | E5: Clarity of Purpose Clear mission, Strong leadership | F5: =(Diagnosis!B31+Diagnosis!F31)/2 -> 2 | H5: Clarity of Purpose Clear mission, Strong leadership | I5: =(Diagnosis!B31+Diagnosis!F31)/2 -> 2
B6: Participation Onboarding Invitation to participate, Easy onboarding, Modular approach | C6: =(Diagnosis!C31+Diagnosis!D31+Diagnosis!E31)/3 -> 1.3333333 | E6: Participation Onboarding Invitation to participate, Easy onboarding, Modular approach | F6: =(Diagnosis!C31+Diagnosis!D31+Diagnosis!E31)/3 -> 1.3333333 | H6: Participation Onboarding Invitation to participate, Easy onboarding, Modular approach | I6: =(Diagnosis!C31+Diagnosis!D31+Diagnosis!E31)/3 -> 1.3333333
B7: Open Collaboration Ways of working open, Backchannels & watercoolers | C7: =(Diagnosis!D31+Diagnosis!E31)/2 -> 1 | E7: Open Collaboration Ways of working open, Backchannels & watercoolers | F7: =(Diagnosis!G31+Diagnosis!H31)/2 -> 1.5 | H7: Open Collaboration Ways of working open, Backchannels & watercoolers | I7: =(Diagnosis!G31+Diagnosis!H31)/2 -> 1.5
B8: Community Building Celebration of milestones | C8: =Diagnosis!I31 -> 2 | E8: Community Building Celebration of milestones | F8: =Diagnosis!I31 -> 2 | H8: Community Building Celebration of milestones | I8: =Diagnosis!I31 -> 2

Sheet Prescription
I2: Area of focus | J2: Planned activities | K2: Review date
H3: 1 | I3: SELECT AREA | K3: =Diagnosis!B10+90 -> 45293
K4: =Diagnosis!B10+90 -> 45293
K5: =Diagnosis!B10+90 -> 45293
H6: 2 | I6: SELECT AREA | K6: =Diagnosis!B10+90 -> 45293
K7: =Diagnosis!B10+90 -> 45293
K8: =Diagnosis!B10+90 -> 45293
H9: 3 | I9: SELECT AREA | K9: =Diagnosis!B10+90 -> 45293
K10: =Diagnosis!B10+90 -> 45293
K11: =Diagnosis!B10+90 -> 45293
